Humedad,H_20,H_40,H_60,H_80
19.2,0.477672146873721,0.384758146702119,0.194706612492656,0.0400885323553004
19.2698698698699,0.477357577544603,0.383712792049927,0.193927690441565,0.0395253359167131
19.3397397397397,0.477359980723203,0.383611539913922,0.193926813985964,0.0393278552728493
19.4096096096096,0.477388049679283,0.384470110448863,0.193783901784455,0.0387751725824996
19.4794794794795,0.477577284482181,0.384667344170366,0.194664585939364,0.0401089464768124
19.5493493493493,0.477290834798561,0.383971389102007,0.193829892671484,0.0397556627269524
19.6192192192192,0.477456105908444,0.383622109617919,0.193695808540261,0.0395400467180754
19.6890890890891,0.477242245600979,0.382781706228192,0.193431043485082,0.0400691809012747
19.758958958959,0.479365300808961,0.385787324581279,0.195370456239242,0.0411979878764207
19.8288288288288,0.476307268344658,0.381649214220375,0.192816366725105,0.0403885048826264
19.8986986986987,0.475991281070139,0.381670179002846,0.192987353665899,0.0389914859223911
19.9685685685686,0.478769962969815,0.384913945723573,0.195551424770606,0.0418103786610905
20.0384384384384,0.481664832973014,0.38949350939686,0.198268819256371,0.0424995370974271
20.1083083083083,0.482061584978984,0.390194176189987,0.197870346708965,0.0417391681432939
20.1781781781782,0.481718733214952,0.390093762207046,0.197795540043894,0.0419564245226588
20.248048048048,0.481049439549951,0.388507950878919,0.197163232442034,0.0412791480655878
20.3179179179179,0.481529339287127,0.389624990391376,0.197897402970897,0.0419598715087673
20.3877877877878,0.482354237578143,0.390646329527172,0.199058511873502,0.0439340168858869
20.4576576576577,0.482018945188208,0.391115785584291,0.198759206833111,0.0424083845722792
20.5275275275275,0.48362775738242,0.391433707675426,0.199143374706053,0.0424046618015393
20.5973973973974,0.484775247684743,0.393010942888931,0.200515572215015,0.0436613279683028
20.6672672672673,0.485773441304973,0.393481683821547,0.201044437486008,0.0435060846256297
20.7371371371371,0.48584343829045,0.393891300339365,0.201502934914438,0.0426384842448443
20.807007007007,0.485920418239535,0.394615502124193,0.201730565763547,0.0427472346828825
20.8768768768769,0.486997717077541,0.396835652370781,0.203642775287814,0.0445501188031847
20.9467467467467,0.488532708626365,0.397655392104579,0.204294799169893,0.04497855326399
21.0166166166166,0.488417481140079,0.396707484455139,0.203883015404782,0.0427252041711022
21.0864864864865,0.490902287803335,0.399645103992037,0.204827513719614,0.0442108571725371
21.1563563563564,0.491924228707595,0.400538452155612,0.206183137291953,0.0457966001963879
21.2262262262262,0.491871336080725,0.400457334164085,0.206214599272155,0.0461220335212657
21.2960960960961,0.491643667484081,0.400766853725244,0.206580184346296,0.0464846624737629
21.365965965966,0.491259598564013,0.400472211681369,0.205190833402546,0.0460462896125973
21.4358358358358,0.490685181065314,0.400288168598186,0.205260811749472,0.0455945504864451
21.5057057057057,0.490598248442303,0.400374521145412,0.205487421198616,0.0452530156771044
21.5755755755756,0.49053403325529,0.399889926329153,0.20441339803279,0.0450325776161686
21.6454454454454,0.489944727051265,0.399069631858535,0.203340851602681,0.0433040546315927
21.7153153153153,0.491338999406235,0.399298996103911,0.203611496875078,0.0434176169235496
21.7851851851852,0.492527505619315,0.400259032386628,0.203940822715196,0.0436557550904432
21.8550550550551,0.493698481533275,0.401428103069643,0.203969019216055,0.0436054920744618
21.9249249249249,0.494344437505084,0.401706637900256,0.204504783052171,0.0434465155386406
21.9947947947948,0.493915617250945,0.401319799141903,0.204585266282339,0.0428785364395013
22.0646646646647,0.494547450037872,0.402524866751035,0.206516275014186,0.0438832982437436
22.1345345345345,0.494800988579101,0.403605313151652,0.207579092405102,0.0451944123033824
22.2044044044044,0.495210905282611,0.404163207727685,0.208263903014926,0.0461425763959221
22.2742742742743,0.498075982608288,0.405427612232553,0.209508426437763,0.0475617914040818
22.3441441441441,0.498259381187878,0.404887634247147,0.209682283546423,0.0471387701349346
22.414014014014,0.497744869775347,0.405047166884521,0.21000558584322,0.0467221174264077
22.4838838838839,0.498485437492889,0.405451179583096,0.210639652066236,0.0484266629858678
22.5537537537538,0.500845951239766,0.405196701826539,0.209772320800495,0.0476876971928353
22.6236236236236,0.500055619113986,0.404934761777612,0.210078677533413,0.0476838726687467
22.6934934934935,0.500087530604843,0.404807648251211,0.210105018533586,0.0479976357232521
22.7633633633634,0.50139156760847,0.406033439823388,0.211403606887459,0.0489589208360065
22.8332332332332,0.50116484210479,0.405135876052654,0.210312173535714,0.0477816814945783
22.9031031031031,0.502302553736513,0.406303572931617,0.211759294249372,0.0483486557950133
22.972972972973,0.50114684609805,0.406139775673377,0.211594611640743,0.0473344970776155
23.0428428428428,0.501926382379525,0.407016471632687,0.211710148203679,0.0480661027885204
23.1127127127127,0.503122377535248,0.407743481261012,0.213312778799654,0.0483760493667446
23.1825825825826,0.50474312210567,0.410381926280653,0.215088621487362,0.0500979341431228
23.2524524524525,0.505771404882486,0.41086295397239,0.214870659065719,0.0499575364712522
23.3223223223223,0.50644539173135,0.410739625806254,0.215307307614863,0.0500203250734379
23.3921921921922,0.507244509182343,0.410949161712032,0.21548191477082,0.049390640653335
23.4620620620621,0.508179358612965,0.411523897035948,0.216918840805494,0.0505682865250284
23.5319319319319,0.509155759910608,0.411357255476106,0.216593526906679,0.0497419466740972
23.6018018018018,0.509484703416919,0.412636744306444,0.216488779745561,0.0507292857147383
23.6716716716717,0.509583542386991,0.413155245413763,0.215931728048139,0.0502400827821782
23.7415415415415,0.510019095615605,0.413920193465206,0.216483873513123,0.050016582104933
23.8114114114114,0.51088800127527,0.414482736232304,0.21753570441962,0.0510318907929774
23.8812812812813,0.511664669851111,0.414895375287754,0.218128569928199,0.0514825526198224
23.9511511511512,0.511820984838213,0.415325684812654,0.218857241510014,0.0516905581617062
24.021021021021,0.513454672141646,0.416326966348812,0.219340868629292,0.0526122773361651
24.0908908908909,0.514131731960228,0.415998928120506,0.21925038623036,0.0522591653844218
24.1607607607608,0.514691875272599,0.416562737735049,0.218887448141538,0.0516611656855462
24.2306306306306,0.515157140634963,0.416666523602156,0.218542656825504,0.0509322960884549
24.3005005005005,0.515676937245738,0.417411748853312,0.219093214642871,0.0511410087212625
24.3703703703704,0.517083045052596,0.418418793589843,0.219341149979147,0.0509283344114802
24.4402402402402,0.518299575872466,0.419980561762249,0.220693608123219,0.0516949448201498
24.5101101101101,0.519206836363803,0.420926984275117,0.221508535800836,0.0524571510880932
24.57997997998,0.520622015790548,0.422363427193657,0.222696017053665,0.0534914150715403
24.6498498498499,0.521692109380574,0.423609980005465,0.223877269084468,0.0540269672470169
24.7197197197197,0.522544984472141,0.42426880763116,0.223289689938048,0.0534366956316592
24.7895895895896,0.523363637122052,0.425479286936048,0.223668363700196,0.0535822960637874
24.8594594594595,0.525119189234358,0.426241311746712,0.224507911020963,0.0536081821738707
24.9293293293293,0.525276719617358,0.426798721627445,0.224985342029209,0.0537568949340841
24.9991991991992,0.526126159036559,0.427757643547954,0.226390166966012,0.0549934012427002
25.0690690690691,0.526942770916212,0.428068835774939,0.226563158777137,0.0548279722355755
25.1389389389389,0.527442596646863,0.427975534225771,0.22670006173181,0.0548796238525606
25.2088088088088,0.528625228320111,0.428610408194063,0.227335287846628,0.0556773200274992
25.2786786786787,0.529988686463275,0.429325916957213,0.227708659408767,0.0557947030540358
25.3485485485485,0.53070521492525,0.429731414818917,0.227943455644017,0.0562988515836825
25.4184184184184,0.530898167306575,0.430208396616999,0.228815457121828,0.057126396929331
25.4882882882883,0.531547894785082,0.43147755521174,0.230201346257449,0.0580218802096896
25.5581581581582,0.533140632273598,0.432500631098464,0.231563089278271,0.0594369016028594
25.628028028028,0.533201257226798,0.432784826725542,0.23178704280508,0.0592404015135604
25.6978978978979,0.533944137583982,0.433618632650681,0.232459101787176,0.0598609220427619
25.7677677677678,0.534003124747941,0.434003881225396,0.232292214166025,0.0597803497218086
25.8376376376376,0.53449477686907,0.434627079928461,0.232238864169575,0.0589552853874831
25.9075075075075,0.535324248242327,0.435732092884843,0.232683216237668,0.0588596435296881
25.9773773773774,0.536146367119956,0.436366000470405,0.233377486456191,0.0589545210722532
26.0472472472472,0.537758594659377,0.437633770710359,0.234108421737197,0.0590701105285212
26.1171171171171,0.541300477112655,0.440628752107753,0.237027681543151,0.0608308103978263
26.186986986987,0.544439734914339,0.443625370671018,0.239276113761934,0.0629935442317271
26.2568568568569,0.543269947160874,0.441771212983303,0.237406267415651,0.0617249356252443
26.3267267267267,0.543008198736406,0.44219878316412,0.237579677212113,0.0622119032524175
26.3965965965966,0.543472525541595,0.442789374276212,0.237489314838894,0.0619572840613183
26.4664664664665,0.543956947722367,0.443224343453601,0.237302976553502,0.0618376776925488
26.5363363363363,0.545287811379493,0.443390321530463,0.238235960765187,0.0627718118923911
26.6062062062062,0.5445318004529,0.442424626810412,0.237074867477787,0.0618538398185872
26.6760760760761,0.545254047876534,0.443215161132426,0.237571146485732,0.0632177753514129
26.7459459459459,0.545851872368083,0.443994706559916,0.237785309429224,0.063160444523183
26.8158158158158,0.546103970665775,0.443955863621536,0.237751296333934,0.0630602188830553
26.8856856856857,0.546450648435787,0.443779335326522,0.237596574969458,0.0622778220963081
26.9555555555556,0.546761564621784,0.44411353723766,0.238005744153265,0.0622340159456566
27.0254254254254,0.547755312437338,0.444584931452903,0.23859643962447,0.0625076406466111
27.0952952952953,0.548600942037807,0.445481148866499,0.239212328484391,0.062831796926481
27.1651651651652,0.548988550717548,0.445725747590855,0.239458730310861,0.062678136819184
27.235035035035,0.549373853289954,0.446175961049281,0.23986729642785,0.0622850496769288
27.3049049049049,0.551005179158512,0.447538928951454,0.241375549432477,0.0634590275361724
27.3747747747748,0.551958579929574,0.448925882729206,0.242149246801252,0.0638979045710096
27.4446446446446,0.55309077318997,0.450032337646569,0.243420685753797,0.0648863482747973
27.5145145145145,0.554302591761692,0.451680409206667,0.244779352093144,0.0653161136138141
27.5843843843844,0.555932827246571,0.453996573367983,0.246821962926877,0.0667642324501196
27.6542542542543,0.557090849179826,0.454984651832573,0.247665069155926,0.0675143765391157
27.7241241241241,0.557623323977414,0.456924463463862,0.2489308834077,0.0682145404364473
27.793993993994,0.557964132416647,0.456976917780544,0.249350618128643,0.0689000689568704
27.8638638638639,0.558615000044985,0.457938261098705,0.249152004832697,0.0690728086982312
27.9337337337337,0.559586219635163,0.459558972955899,0.250378169297292,0.0700939414385118
28.0036036036036,0.560292706105013,0.460308126019427,0.251287221724835,0.070488898944923
28.0734734734735,0.560957771612358,0.460797371081329,0.252232953255673,0.0719150833065756
28.1433433433433,0.562868580026223,0.463043804259304,0.254385245157667,0.0727132408808112
28.2132132132132,0.561849825764101,0.462133760515246,0.253039303570102,0.0715471022675577
28.2830830830831,0.563555889608022,0.464222429405297,0.254147675087122,0.070305445334557
28.352952952953,0.564132381612326,0.465653397672789,0.255317206351762,0.0709558102268041
28.4228228228228,0.563627877185783,0.465907852844562,0.25458214685455,0.0696578597820225
28.4926926926927,0.563727300893339,0.466589552225985,0.255380209228655,0.0705857261833566
28.5625625625626,0.563881912039608,0.467016465072055,0.255466440252625,0.0711391260993808
28.6324324324324,0.563772330311859,0.466932505203416,0.254816835944804,0.0707728791802832
28.7023023023023,0.564938777264195,0.467897768085042,0.256329736468039,0.0731061974976056
28.7721721721722,0.5657305158652,0.468320057779169,0.256824278546743,0.0734456584382515
28.842042042042,0.565363523227894,0.467476744513623,0.255326244764093,0.0718842690257877
28.9119119119119,0.565256268676782,0.466816261610691,0.254801903152902,0.0715664044695856
28.9817817817818,0.565252905881269,0.466992598475219,0.254776727137379,0.0712223475274835
29.0516516516516,0.565256505027857,0.466999177006255,0.254665594394454,0.0708369163549556
29.1215215215215,0.565126772285166,0.46727248232346,0.255168360475065,0.071432168532111
29.1913913913914,0.56510382398188,0.46713951038428,0.255088705813999,0.0712805241682066
29.2612612612613,0.564665495923993,0.466297571003006,0.254018219654916,0.0703152183306315
29.3311311311311,0.565486990903036,0.466707418256391,0.254425802994604,0.0705764903359514
29.401001001001,0.566009896438152,0.467011410718075,0.254581141102043,0.0707075602647184
29.4708708708709,0.566698449929653,0.467784282305336,0.255156527116272,0.0715158824563478
29.5407407407407,0.567931093924656,0.468545700930398,0.256804580377567,0.0720747031741912
29.6106106106106,0.567922512628768,0.46874052725055,0.256828247719349,0.0716205667225929
29.6804804804805,0.568290316471939,0.468907429815325,0.256927889618871,0.0712939788588704
29.7503503503503,0.567602954884454,0.468037531987517,0.256516038999876,0.0705575964761172
29.8202202202202,0.568605466812,0.469517594555377,0.258258125488469,0.0728109967497323
29.8900900900901,0.569606338325489,0.470285321246555,0.259353706790322,0.0738153879330589
29.95995995996,0.570671715624623,0.471843263189768,0.260688273048561,0.0751388364131629
30.0298298298298,0.572142673220488,0.472668683261605,0.26124017098102,0.0753371193981825
30.0996996996997,0.580330857625914,0.481338078316581,0.268710015774603,0.0800812547366676
30.1695695695696,0.57764705299674,0.479233527307067,0.267608459698356,0.0783061205792629
30.2394394394394,0.577873992626671,0.479636264545624,0.266408547510159,0.0787578414252417
30.3093093093093,0.577225057334445,0.479069050388553,0.266428896752197,0.0780639764353257
30.3791791791792,0.576532824038152,0.477959796369911,0.26603369642635,0.0775305714900796
30.449049049049,0.57709553719368,0.47847349300134,0.266880021306431,0.077894373653963
30.5189189189189,0.57662255304168,0.478217672846837,0.26690475999469,0.0774282696098829
30.5887887887888,0.577141986561582,0.479200000893972,0.268126606686191,0.0785216812421704
30.6586586586587,0.578892464919009,0.480589588305312,0.269443747594242,0.0796410881952926
30.7285285285285,0.580201118520506,0.482536642662372,0.27055924890616,0.0799669202743869
30.7983983983984,0.582244203187502,0.48458467791032,0.272375783887557,0.0817236410541616
30.8682682682683,0.583804411910566,0.486847235181863,0.273629485151503,0.0831707299488317
30.9381381381381,0.58499124659788,0.488424567220625,0.274735772651529,0.0840192565739485
31.008008008008,0.586133154716584,0.489362568401848,0.275363406480264,0.0844469782143874
31.0778778778779,0.588142690107307,0.49114847202922,0.276841165310188,0.0860468064850395
31.1477477477477,0.589402816830799,0.492509759395845,0.277723163452172,0.0866218688835762
31.2176176176176,0.591500800477189,0.493850064894619,0.279655430722807,0.0883726109168346
31.2874874874875,0.591617363026708,0.494543094931933,0.280112223661064,0.0882364526665649
31.3573573573574,0.591391231644634,0.494809380591371,0.279904813297164,0.0878360794669811
31.4272272272272,0.590795304667735,0.493942631232436,0.278511937402454,0.0863213032871873
31.4970970970971,0.591210238647955,0.493314689405842,0.278452606504456,0.085652640622182
31.566966966967,0.591065776019641,0.492869342744296,0.27789086062631,0.0847741976346851
31.6368368368368,0.5918616184608,0.492966734787656,0.278643555387132,0.084788613551712
31.7067067067067,0.592434760829201,0.494408077615637,0.279707348952339,0.0848978187558559
31.7765765765766,0.593729835381276,0.495860768229269,0.281341901575777,0.0865304003439717
31.8464464464464,0.595099490330241,0.496832194053749,0.282391453228741,0.0874132080635327
31.9163163163163,0.595708877081944,0.497071110468452,0.282534179539613,0.0879771377523447
31.9861861861862,0.596797603130389,0.498510047636104,0.282700288075457,0.0886785059332638
32.0560560560561,0.59773818271339,0.499069145426819,0.282686568391411,0.0885230177904077
32.1259259259259,0.598323623695857,0.500430054706052,0.283459705183535,0.0887622430907097
32.1957957957958,0.599494628154165,0.500972488600429,0.284187935429012,0.0888949899099908
32.2656656656657,0.599635724355077,0.501102773677577,0.284210125600279,0.0887352134447537
32.3355355355355,0.59962850212895,0.501190657008341,0.284798318507508,0.0890834833966921
32.4054054054054,0.600556498324374,0.502470209254474,0.286221102899028,0.0904643706574121
32.4752752752753,0.600919183562168,0.502423967983476,0.286348814168175,0.0909472201079243
32.5451451451451,0.601378098222192,0.502858530865972,0.286895408210422,0.0914879238364021
32.615015015015,0.602410706749842,0.503401112292068,0.287737984092616,0.0919517047472481
32.6848848848849,0.603109911338107,0.504432089648429,0.288648863602712,0.0922958575697515
32.7547547547548,0.605025800388172,0.505816285962434,0.290362353117648,0.0934122191229043
32.8246246246246,0.606765232877984,0.506818302136926,0.291536368355734,0.0945391547454962
32.8944944944945,0.608346974473025,0.508420814103215,0.292178318102199,0.0947922430244785
32.9643643643644,0.609709073898999,0.50942787632988,0.293117663327567,0.0953802922974419
33.0342342342342,0.610518330864432,0.511034731809379,0.294394266116452,0.0972337764052936
33.1041041041041,0.611876932368257,0.511850900012903,0.295144022648992,0.0973762238569921
33.173973973974,0.611803522712063,0.512029373456318,0.294370595765965,0.0958353037854461
33.2438438438438,0.611734120304479,0.512232723721914,0.294003304024319,0.0946477056305466
33.3137137137137,0.611297516126804,0.512056127299571,0.293091499240502,0.0938407722524826
33.3835835835836,0.611493604180674,0.511415848207014,0.292529912152674,0.0930040014399764
33.4534534534534,0.610979606101332,0.511106403939997,0.2923337770036,0.0923853468164839
33.5233233233233,0.611428338549338,0.511715441935765,0.293089834732255,0.0931972698258791
33.5931931931932,0.612018455911994,0.5121528866041,0.293547397685972,0.0940996036327051
33.6630630630631,0.612557372538444,0.513063281780958,0.294696981522985,0.0949096948204381
33.7329329329329,0.612921693337661,0.513355399226638,0.295027674687945,0.0940615103959236
33.8028028028028,0.614416001192428,0.514728444965039,0.296385546619374,0.0959535843563536
33.8726726726727,0.61498978604218,0.515004509766751,0.29702318072049,0.0964586260029214
33.9425425425425,0.616186366936522,0.516182072649776,0.297934523031814,0.0975071861333366
34.0124124124124,0.616694707142229,0.516900801167897,0.298358614294196,0.0972521108059019
34.0822822822823,0.617336525241059,0.517755838223365,0.299632055465428,0.0983245024310345
34.1521521521521,0.618984730463095,0.519157637981475,0.301484647882026,0.100280959645516
34.222022022022,0.619967532545409,0.520537847536129,0.303088950424828,0.10081713102184
34.2918918918919,0.621154304437346,0.521701267626673,0.304856948583877,0.102163399871503
34.3617617617618,0.621671790630472,0.52206389944147,0.30494592124749,0.103338025106086
34.4316316316316,0.620417742936048,0.520905861081079,0.302284794017433,0.101035576672592
34.5015015015015,0.624027678611812,0.523446789480821,0.305638375475152,0.104319916750854
34.5713713713714,0.62394779308345,0.522949907010775,0.304949841153509,0.104004525781447
34.6412412412412,0.624037773600085,0.523119938298985,0.30500681703584,0.10317333803799
34.7111111111111,0.624894846650846,0.523499064675678,0.304925193451,0.101535392460582
34.780980980981,0.625190168564342,0.524153136623946,0.305423073249682,0.101162210958444
34.8508508508508,0.627508838727726,0.526213755281668,0.307753720701489,0.102225479914644
34.9207207207207,0.629071712351799,0.528206912062865,0.308967876490605,0.104271780619479
34.9905905905906,0.631754523907275,0.530420505140484,0.31219416384258,0.107026870777584
35.0604604604605,0.632944712384871,0.530925443509607,0.312271629137029,0.107349130865112
35.1303303303303,0.632842000237017,0.530520099614315,0.311748737049503,0.107270457205312
35.2002002002002,0.631997831753078,0.530148393575319,0.310395426871725,0.105782086422305
35.2700700700701,0.6309731195083,0.528772034865473,0.309142156670133,0.103758208279972
35.3399399399399,0.631607620575251,0.529463981949967,0.310432264214485,0.104552894432735
35.4098098098098,0.631685994908658,0.530132291989504,0.311045386193147,0.104784111217984
35.4796796796797,0.632125859314246,0.53013638156343,0.311157647576277,0.104405888116133
35.5495495495495,0.632965020993974,0.530359018115062,0.311882321842353,0.104936914220022
35.6194194194194,0.633500765470459,0.531300487649881,0.312588386242926,0.106009402108732
35.6892892892893,0.633836493443247,0.531703510651574,0.312616770850524,0.105906331506343
35.7591591591592,0.634958686231942,0.532200341858867,0.31326988087868,0.106219518050227
35.829029029029,0.63477978081897,0.532784544165272,0.313245414340941,0.105840147301028
35.8988988988989,0.635466936055411,0.533985414901915,0.314414052966781,0.106539815712127
35.9687687687688,0.63588830557169,0.534060672466201,0.314593038186654,0.10675508006381
36.0386386386386,0.636080864467242,0.534234127956266,0.314738999408435,0.107001411339674
36.1085085085085,0.636115860813835,0.534282237458918,0.314409976977716,0.106880065692536
36.1783783783784,0.636741924996444,0.535246057098239,0.315433466287871,0.107873448726417
36.2482482482482,0.636950888059072,0.535324999600202,0.315699954399914,0.108029917951456
36.3181181181181,0.637612159799219,0.536263351249181,0.316332187622315,0.10908330666327
36.387987987988,0.637565683758794,0.536237507615114,0.316061911187678,0.108645466376598
36.4578578578579,0.63826091985527,0.537021482459501,0.316649176974284,0.109165212607019
36.5277277277277,0.638526248293333,0.537036364106239,0.316876772627631,0.109513196992943
36.5975975975976,0.639416801434103,0.537828982040657,0.317692957724183,0.110359599725134
36.6674674674675,0.639443256289343,0.538098597711106,0.317672406444718,0.110276978999288
36.7373373373373,0.64022619440581,0.539550630440858,0.318783029338905,0.111460170605953
36.8072072072072,0.640282953725376,0.539779981683947,0.318798038568405,0.111076503224685
36.8770770770771,0.640552615538484,0.540100469942754,0.319113400324319,0.11109977872787
36.946946946947,0.641467922873726,0.541608164540582,0.319749990634979,0.111380576186911
37.0168168168168,0.64304521748723,0.543113206743417,0.321641569552895,0.112502837390073
37.0866866866867,0.643980934478457,0.543940081215777,0.322417107149702,0.112729683167689
37.1565565565566,0.64396354603581,0.544198598058682,0.322068088572623,0.111551868640191
37.2264264264264,0.644535466809322,0.545133867968731,0.322386085261856,0.111413839227217
37.2962962962963,0.645124751521958,0.546455715773054,0.32276041135956,0.111631130952811
37.3661661661662,0.645200368528082,0.546686075100512,0.322538420871149,0.111609363115759
37.436036036036,0.645556734252652,0.546750635087842,0.322551408482312,0.111070641561054
37.5059059059059,0.646354466241891,0.546724919976154,0.322866330983999,0.111254307233242
37.5757757757758,0.648209266762934,0.548633766181183,0.325057031092978,0.11341940875311
37.6456456456456,0.649260989755601,0.549407255887718,0.326120795131976,0.114202144895172
37.7155155155155,0.649667935439981,0.550197240145013,0.327147023585643,0.115147471957479
37.7853853853854,0.649741268283618,0.550508246047644,0.327048170619548,0.114231612068262
37.8552552552553,0.650489805145018,0.551424862777977,0.327493664207259,0.113979740595463
37.9251251251251,0.651559857913628,0.552713883001212,0.328548553621567,0.115119868187657
37.994994994995,0.652404454585407,0.553431312846961,0.329448072187503,0.115448188186732
38.0648648648649,0.654026668117842,0.555669703670177,0.330995849973235,0.117100996188521
38.1347347347347,0.654599983913356,0.556442457611919,0.330902914296064,0.11619097510704
38.2046046046046,0.664019255964073,0.564054075694083,0.338605112182935,0.121438230319645
38.2744744744745,0.662748417624348,0.56301969329206,0.337914721647607,0.12111284186341
38.3443443443443,0.660790431228384,0.561225533614791,0.336314999069777,0.120401510322149
38.4142142142142,0.663998161427594,0.563826592973278,0.33866360454328,0.121797058214686
38.4840840840841,0.659890947606628,0.560253660095776,0.335820019577333,0.120007663965152
38.553953953954,0.66518373775305,0.565180364268658,0.339872121244972,0.122819317582703
38.6238238238238,0.665700085335693,0.565730506024824,0.340693819473849,0.123158446065317
38.6936936936937,0.665763915729651,0.566031105216949,0.340524411728859,0.123605814807696
38.7635635635636,0.666091474422988,0.566425444563619,0.340696734771921,0.123732401741771
38.8334334334334,0.665765884743851,0.566354679249764,0.340132711797966,0.123045722922121
38.9033033033033,0.666143931142403,0.567424844071321,0.341143021001786,0.123487340248771
38.9731731731732,0.666558825900274,0.567949176341711,0.342058885587053,0.124127392740173
39.043043043043,0.666509297897648,0.567497251904934,0.341274257916744,0.12395591747702
39.1129129129129,0.667019034526468,0.568386784851148,0.34203105235075,0.124661086438385
39.1827827827828,0.667202828626738,0.568412399989933,0.342694349593176,0.124205492157845
39.2526526526526,0.667260310599035,0.56851737515373,0.342481281974974,0.123357400244465
39.3225225225225,0.668115938228967,0.568724498104447,0.343209088944179,0.123236027299343
39.3923923923924,0.669558353627085,0.571201514126972,0.34468430957885,0.12388684840764
39.4622622622623,0.671228798651529,0.572958006652972,0.34598287182817,0.125451028450444
39.5321321321321,0.672355744247365,0.573915256502408,0.346683684654786,0.125771798731885
39.602002002002,0.673494895498774,0.575541287453311,0.347793156482255,0.127192866680968
39.6718718718719,0.674408155374229,0.576710705569005,0.349329628380668,0.129220060678498
39.7417417417417,0.673877884641321,0.576387555201837,0.34879540909995,0.128996985034815
39.8116116116116,0.674052514909442,0.576863543330363,0.349015378878483,0.129348893389484
39.8814814814815,0.674196530121931,0.577247720102906,0.34907413483557,0.129526292970498
39.9513513513513,0.674116996424716,0.577272339521207,0.349033032649831,0.129024517608641
40.0212212212212,0.673515014281971,0.576708833369246,0.348543997547543,0.128445779089796
40.0910910910911,0.673235539831441,0.576263861258332,0.348497109025284,0.128285063319428
40.160960960961,0.673517223390087,0.576706368422988,0.348700889452953,0.128252102986372
40.2308308308308,0.673678927699215,0.577098178558498,0.348467208544189,0.127485965018163
40.3007007007007,0.674070593759347,0.577313919388487,0.348894131579708,0.127790835291597
40.3705705705706,0.674229546561958,0.577296856948803,0.349635536173228,0.128265365836567
40.4404404404404,0.674664622589239,0.577660634908214,0.350339379863519,0.129036548876905
40.5103103103103,0.675268263897232,0.578459107408709,0.35094636656473,0.129502109827963
40.5801801801802,0.675886774749771,0.579716209759926,0.351216728693887,0.129787800951694
40.65005005005,0.676966352786477,0.580085787473384,0.352082060909486,0.130914239960164
40.7199199199199,0.677956323271299,0.581070245724036,0.352903051437996,0.131933204981403
40.7897897897898,0.679034589750886,0.582381837023555,0.35381454372271,0.132965433206654
40.8596596596597,0.680370541814281,0.583760867033579,0.354968651545153,0.133937293187791
40.9295295295295,0.680892371762147,0.584283379306595,0.354974125219688,0.133315776791062
40.9993993993994,0.681225346038402,0.58427836364343,0.354709654731333,0.132908312145468
41.0692692692693,0.68325481730045,0.585683640006615,0.356111341242667,0.134061809312968
41.1391391391391,0.683490705768985,0.586185163425276,0.355936048968544,0.133635039312331
41.209009009009,0.683171181043257,0.585848377686375,0.35549888196469,0.132869385151407
41.2788788788789,0.682691957910242,0.585349657109951,0.354462263913029,0.131623883616705
41.3487487487487,0.681769382042705,0.584725492122898,0.3532896214595,0.130719977069399
41.4186186186186,0.682524673322232,0.585216070315325,0.353596470272117,0.130666478018945
41.4884884884885,0.697121780071319,0.598980212218635,0.365048286840747,0.138279672915405
41.5583583583584,0.698397462809675,0.600553217555267,0.366451437867449,0.138514562404329
41.6282282282282,0.698881259900667,0.600754198256992,0.367251410571166,0.140442714187676
41.6980980980981,0.698592232564883,0.599731936600526,0.366847999139342,0.14018020512238
41.767967967968,0.70501442377815,0.604858280812075,0.371545532409544,0.142785122482236
41.8378378378378,0.692324139827127,0.592905983004689,0.362310653011716,0.136789972457822
41.9077077077077,0.705313916033131,0.606011640343508,0.373348162993611,0.145729744311342
41.9775775775776,0.706627118147054,0.60747261464947,0.375020755310928,0.147093819516044
42.0474474474474,0.704117700447029,0.605723493246414,0.374124564831276,0.147975244670984
42.1173173173173,0.696414818977632,0.596175637791666,0.366244847416979,0.142901982654033
42.1871871871872,0.699936670034238,0.598572039241488,0.367735475619995,0.143577042528944
42.2570570570571,0.703718683706411,0.604213163298834,0.372941069595059,0.147187164728831
42.3269269269269,0.702255073662393,0.601616000097795,0.370072564799492,0.14448384339546
42.3967967967968,0.704690937504325,0.605460197093994,0.373746855408055,0.147331667113037
42.4666666666667,0.706484746283494,0.608822678693789,0.376566953572206,0.148894854781721
42.5365365365365,0.70763027577535,0.609662344108138,0.377764664093899,0.148920189121205
42.6064064064064,0.708976490044857,0.611103951467423,0.379231303809842,0.149377768541379
42.6762762762763,0.710683713817129,0.612653512085249,0.380315677784861,0.150218456712262
42.7461461461461,0.711747328079307,0.61358601833706,0.381251355722537,0.150123891496792
42.816016016016,0.713142750722378,0.614745280487807,0.382282068888684,0.15083682878226
42.8858858858859,0.713244091923772,0.614874096902923,0.38228541138789,0.1498625185408
42.9557557557558,0.713634256476077,0.615389554904547,0.382451404650267,0.149906779659221
43.0256256256256,0.714034938247249,0.616325238740293,0.38345754856905,0.150710014955998
43.0954954954955,0.713656996353388,0.616407750312409,0.384141017426742,0.152025730209137
43.1653653653654,0.715020952147374,0.617520962848012,0.385248951904001,0.153002643191738
43.2352352352352,0.715107699510596,0.617106136191635,0.384403444037584,0.153116617269112
43.3051051051051,0.716017273812437,0.617707371517168,0.385042635255994,0.153452389033627
43.374974974975,0.716111783639272,0.617545137539898,0.384373666364097,0.153253768256844
43.4448448448448,0.717170776529123,0.618901813141503,0.385777997306513,0.154565210869047
43.5147147147147,0.717849130104574,0.619622244797955,0.386814447875174,0.154883924858475
43.5845845845846,0.718405506132817,0.62099754366164,0.387279304776682,0.15558911031537
43.6544544544545,0.719076521495476,0.621585737416031,0.387994551192141,0.155612319387589
43.7243243243243,0.719934538307405,0.622138811437844,0.388881093066968,0.155687073085112
43.7941941941942,0.721354941566126,0.623484389623005,0.390290925545249,0.156235816418282
43.8640640640641,0.722671958461134,0.624802090708207,0.391927046361361,0.156849806503184
43.9339339339339,0.723104028685097,0.625164344250628,0.39216826468037,0.156617249971543
44.0038038038038,0.723791235674177,0.625371964295586,0.392586421963623,0.156435544628634
44.0736736736737,0.724400144068494,0.62583107806303,0.393335613493758,0.156765882485984
44.1435435435435,0.72501813202391,0.625891528331083,0.393780317705257,0.157514122793521
44.2134134134134,0.72595431894524,0.626471953192552,0.394920427674251,0.158147943137204
44.2832832832833,0.726517936187333,0.626696401913701,0.395252983061862,0.158783093435653
44.3531531531532,0.72688383026067,0.627060214902301,0.395922328165197,0.159415997947878
44.423023023023,0.727239657939232,0.627670927859353,0.397281984397742,0.160771305911919
44.4928928928929,0.728602714534823,0.629129459789996,0.398992325464257,0.162385107471628
44.5627627627628,0.729686202876757,0.630242394477633,0.399991308126703,0.163080480646473
44.6326326326326,0.730108298334558,0.631024291981141,0.400629728594238,0.163000134101124
44.7025025025025,0.731294844697899,0.631630169199969,0.401176137110596,0.162754519797392
44.7723723723724,0.734002336475234,0.634005625602183,0.403519962585001,0.164326563800323
44.8422422422422,0.735452937641135,0.635832924087962,0.40498970325837,0.16472428637241
44.9121121121121,0.736081738798879,0.636602990271149,0.405736623580528,0.164295446443892
44.981981981982,0.736279795929886,0.636927483589756,0.405386374785368,0.164757097284224
45.0518518518519,0.735688967403595,0.63638251310124,0.405039127941131,0.163992559472076
45.1217217217217,0.735682831339102,0.63722771548611,0.405494185918621,0.164895842725869
45.1915915915916,0.735948162236236,0.638335413048221,0.405826228217251,0.165522734731228
45.2614614614615,0.736072010889328,0.639091682931492,0.406397252815556,0.165422142714505
45.3313313313313,0.737064862018264,0.640816940564407,0.408222941886624,0.167077136704654
45.4012012012012,0.737830439422458,0.641929366287601,0.408886742532999,0.167831612620785
45.4710710710711,0.739468112859401,0.643409241616549,0.409913528481621,0.168666327018736
45.5409409409409,0.743271973488178,0.646705228143592,0.412612319852676,0.171231230829707
45.6108108108108,0.745541045185072,0.648293566684918,0.414171636954406,0.172536197762768
45.6806806806807,0.748996776497323,0.651649640630402,0.417128430623728,0.175399757914785
45.7505505505505,0.748457667618315,0.652247094749075,0.41710619285919,0.17552962807027
45.8204204204204,0.743618652339536,0.65002541434423,0.413541395779973,0.171409691944918
45.8902902902903,0.745989834783523,0.652793914647332,0.415624796075378,0.172757207286371
45.9601601601602,0.748145328026341,0.653851886088101,0.416923723297706,0.173699795860622
46.03003003003,0.769179260174781,0.675797291948527,0.437235835343121,0.187705487900335
46.0998998998999,0.751762926848378,0.656737065443436,0.421109725776058,0.17703111261061
46.1697697697698,0.769772355456604,0.677869509768674,0.438540561241736,0.189045003913145
46.2396396396396,0.766643405642827,0.673994736663611,0.435519218424743,0.18670116082566
46.3095095095095,0.75460012628366,0.660360396049613,0.424496722095087,0.178829602700101
46.3793793793794,0.763354153994954,0.670624192336146,0.433079367192669,0.184631690118066
46.4492492492492,0.769678361942668,0.677880075726737,0.43879091424413,0.188333802509669
46.5191191191191,0.762062446143826,0.669144630988471,0.432393315082068,0.184366410733573
46.588988988989,0.758461248835927,0.664926114738673,0.429342880207256,0.182401588145064
46.6588588588589,0.767333216218853,0.674982806437238,0.437566472093749,0.187745909058323
46.7287287287287,0.774187492712592,0.683444549153127,0.443864955116294,0.19195817184673
46.7985985985986,0.757870400573296,0.664319471754646,0.428884103635539,0.181630507306532
46.8684684684685,0.77016533359018,0.678751409822624,0.440492665618398,0.189637609979851
46.9383383383383,0.773305393051775,0.681654557456246,0.442557488235358,0.191362671115152
47.0082082082082,0.758214171056281,0.664216800711,0.428007620561713,0.181160979638128
47.0780780780781,0.773308627594229,0.681310631378163,0.441100387178066,0.190733431699187
47.1479479479479,0.77230209410396,0.680592180669969,0.440763128220948,0.19040776591824
47.2178178178178,0.763326904855499,0.671027457912611,0.433329970509063,0.185354554192311
47.2876876876877,0.761979581699049,0.669252123319372,0.431642234722253,0.183345473686152
47.3575575575576,0.768453901809422,0.676785294646335,0.438785479497919,0.189323776761146
47.4274274274274,0.76883854727664,0.676725283925212,0.43832619519894,0.188134743265289
47.4972972972973,0.758877221400367,0.665591421901368,0.430077230568576,0.181560094745991
47.5671671671672,0.765705629450957,0.672836696624651,0.436269989254343,0.185895289361539
47.637037037037,0.770303641518153,0.678088800733366,0.440116026677614,0.188681407289548
47.7069069069069,0.768965523746065,0.676456057188006,0.439316306952795,0.188386150975107
47.7767767767768,0.771506622222987,0.679788661483401,0.442176158960137,0.191121707915314
47.8466466466466,0.76670739232461,0.674955543451344,0.439269440445861,0.189799499236822
47.9165165165165,0.761253079434419,0.66839935095072,0.433252282581967,0.184780027108989
47.9863863863864,0.771636249677216,0.679763583724185,0.443040220729993,0.19118320527069
48.0562562562563,0.774615233681617,0.68272814831018,0.446344820477742,0.193548835991948
48.1261261261261,0.770432623690195,0.677808478277619,0.442633318353266,0.19068737080285
48.195995995996,0.76553324365874,0.672026244696335,0.437418167718889,0.186604176901185
48.2658658658659,0.774188476122184,0.682090469624006,0.445642726539386,0.19251234280191
48.3357357357357,0.777440810383136,0.685046883802841,0.448437391882542,0.194869457164546
48.4056056056056,0.767317836087817,0.673822207449802,0.43878529308718,0.187943390415439
48.4754754754755,0.768772454098735,0.676697262417668,0.440700391616704,0.190130603840863
48.5453453453453,0.766215450570981,0.673362920379961,0.438100423896294,0.18704582476235
48.6152152152152,0.771149925599172,0.680903813481205,0.442896543895934,0.190263194220467
48.6850850850851,0.777155767520532,0.68679877851564,0.447974525955414,0.193324402541638
48.754954954955,0.771760212695151,0.681183057766353,0.443685615582218,0.191173147500638
48.8248248248248,0.771857465722961,0.681941729628373,0.444155148795769,0.191302043578489
48.8946946946947,0.772347257899856,0.682752268342809,0.444534770726303,0.192182390936177
48.9645645645646,0.772650866733588,0.683030597050823,0.445199680151855,0.192795368324402
49.0344344344344,0.772052574560005,0.683214086842691,0.444677902432879,0.192683395361377
49.1043043043043,0.77239152711496,0.68350978461997,0.444576122711481,0.192155455134241
49.1741741741742,0.772231010810583,0.683454721465385,0.444535031784015,0.191293050330728
49.244044044044,0.772660256874368,0.684300569030337,0.445363319023266,0.191238329717999
49.3139139139139,0.773437757294664,0.6851688383654,0.446040198573996,0.191684679127348
49.3837837837838,0.774471023853805,0.68588234679868,0.447083625055694,0.192330332252059
49.4536536536536,0.775577962912699,0.687127011082204,0.448364393360875,0.193191895388486
49.5235235235235,0.777023613804359,0.688765830227176,0.450122745635388,0.194232349369517
49.5933933933934,0.778271301854595,0.689679020096548,0.450825055818476,0.194911768570596
49.6632632632633,0.779192810071539,0.690996100723266,0.45204881779952,0.195793133001633
49.7331331331331,0.780682304279688,0.692668543683772,0.453627939494186,0.196221258115881
49.803003003003,0.782174499122588,0.694574833188804,0.455150578630147,0.196804026550258
49.8728728728729,0.784434897335759,0.696594592306772,0.457258137693769,0.198671103910662
49.9427427427427,0.786329584293635,0.698653030815201,0.459410019535913,0.199281793215616
50.0126126126126,0.788159628137995,0.700560383766452,0.461734414752521,0.200842449943207
50.0824824824825,0.789833787067989,0.701747190014396,0.463166934853079,0.201690850697387
50.1523523523524,0.790951772486451,0.703142087815462,0.46387753843566,0.202005789650727
50.2222222222222,0.79163524649499,0.704295349021772,0.464979872472177,0.202797953103868
50.2920920920921,0.792679951747454,0.705518281053674,0.466348852496397,0.203520991513987
50.361961961962,0.794668642256266,0.707793759943043,0.468584785887729,0.205734128341422
50.4318318318318,0.796257282771172,0.709655667508842,0.470618145082939,0.207384899395995
50.5017017017017,0.797315365955732,0.710811756387749,0.471807174840415,0.208090568785514
50.5715715715716,0.799125456702088,0.712551964303482,0.473701727430963,0.209316463033798
50.6414414414414,0.801414776418204,0.714841927754313,0.476099357405549,0.211341978338774
50.7113113113113,0.803601114675974,0.716926549700704,0.477749626883869,0.213022211560042
50.7811811811812,0.804122331814285,0.717736957740975,0.477822412198131,0.212249242017496
50.851051051051,0.805113079034056,0.718503986520387,0.47896086141708,0.212838998781759
50.9209209209209,0.804891438404529,0.718186178528572,0.478984695390805,0.211647990954876
50.9907907907908,0.804974003883411,0.718457354808529,0.479525648259443,0.211448303344009
51.0606606606607,0.805792228764553,0.719190231041476,0.480859642471293,0.212350763430188
51.1305305305305,0.807037041657742,0.72009924826247,0.482519558630611,0.213346303829321
51.2004004004004,0.80821858094406,0.721091876395524,0.483747334789248,0.214308248233392
51.2702702702703,0.808853849224325,0.722312225741676,0.484909995071089,0.215281120112364
51.3401401401401,0.810210746977447,0.723540138446839,0.486290491397322,0.216903869424341
51.41001001001,0.811315277057432,0.724586322887502,0.487492455146967,0.217331142831914
51.4798798798799,0.811904654729295,0.725632815088425,0.48838949174211,0.218147013813449
51.5497497497498,0.812396597178726,0.725728039562726,0.488446073138675,0.217853291197683
51.6196196196196,0.813439566312752,0.726233130719831,0.489206232485189,0.21866235320445
51.6894894894895,0.813355134761186,0.726194697938108,0.489076801052419,0.218212749139956
51.7593593593594,0.813612837883472,0.726948161926217,0.4913332384989,0.220190523839586
51.8292292292292,0.81410755855287,0.727000203772136,0.492169753051422,0.220109410183717
51.8990990990991,0.814648578617851,0.727590072169441,0.493068141622885,0.220877135445483
51.968968968969,0.815822723896649,0.728241215637828,0.494023703750635,0.221328605570866
52.0388388388388,0.815373358598364,0.728130937871326,0.493719321809617,0.221398859520593
52.1087087087087,0.816143007924923,0.728549744583049,0.4935590028412,0.221091619528539
52.1785785785786,0.8168064863264,0.729388701853684,0.494092415396925,0.221332976483629
52.2484484484484,0.817448085667449,0.729654491557172,0.494543077781776,0.221660172767151
52.3183183183183,0.818487599735204,0.730690028971443,0.495458912621,0.222265461974296
52.3881881881882,0.819286827907157,0.731481642398547,0.496446278448078,0.223506213760477
52.4580580580581,0.820409195725045,0.732831134031161,0.497799608479885,0.224496398215782
52.5279279279279,0.820811731817301,0.733048982003795,0.498255986546189,0.224852261150032
52.5977977977978,0.821959251968255,0.734253592007239,0.498980241846507,0.224937166555013
52.6676676676677,0.82222810272147,0.734740575504795,0.499140747899088,0.224828934028015
52.7375375375375,0.823252570706886,0.736034314746486,0.500299648991079,0.225868842392913
52.8074074074074,0.82395011345361,0.737597633229461,0.501588403793592,0.227235568894897
52.8772772772773,0.824752458803637,0.739207134039997,0.502527681283947,0.227856535534892
52.9471471471471,0.825700690011869,0.740797735025505,0.503397798884016,0.228943189707664
53.017017017017,0.825846730649611,0.741253867351137,0.503360020273522,0.228473638524602
53.0868868868869,0.826646058617215,0.742347826809642,0.503697527675548,0.228854482444182
53.1567567567567,0.826696615907482,0.743206545859042,0.503957102174068,0.228549384172369
53.2266266266266,0.827900654489742,0.744654703318696,0.505033997074651,0.229586335643075
53.2964964964965,0.828383635083057,0.74553758547275,0.506023412782848,0.230912370011369
53.3663663663664,0.82990472982984,0.747083238604472,0.507632319003769,0.232467670053121
53.4362362362362,0.830658224811608,0.74793309592735,0.508671009743359,0.233173706068756
53.5061061061061,0.83150332774188,0.749222475387001,0.510020158030346,0.233989614874755
53.575975975976,0.833432278580553,0.751458974178682,0.512445860686072,0.235751002085787
53.6458458458458,0.834761722010206,0.752369128256218,0.513933993049422,0.236837391985786
53.7157157157157,0.83506453607911,0.753077513934522,0.514852436238476,0.237391916009928
53.7855855855856,0.835622957402322,0.753469312147394,0.51544739497736,0.237501972745564
53.8554554554555,0.836370477205732,0.754260725605794,0.516048966903268,0.238013415749224
53.9253253253253,0.837381441006945,0.755227323521455,0.516684118861543,0.238048645458767
53.9951951951952,0.838924682069217,0.756033012131944,0.518066883322142,0.239311006551867
54.0650650650651,0.839034260871054,0.755875237687489,0.518370127579857,0.239931617291551
54.1349349349349,0.839468994515638,0.757002692333942,0.519202192882763,0.24113475131374
54.2048048048048,0.840528947151175,0.758261880474432,0.520503987794152,0.241867952966287
54.2746746746747,0.841256169969446,0.759297614869042,0.521163396961632,0.242569208880621
54.3445445445445,0.841539494225465,0.760116641819834,0.521413137510283,0.242336926192685
54.4144144144144,0.841787417659862,0.761393945433201,0.522563194062143,0.243482158904381
54.4842842842843,0.84268282356528,0.762554875601858,0.522895329313257,0.243816716638903
54.5541541541541,0.843876113541026,0.76431515405476,0.523633903673038,0.244225245116018
54.624024024024,0.845677509400674,0.766210886702655,0.525309769505811,0.245456971952963
54.6938938938939,0.847095649309428,0.768353418197467,0.526950775346249,0.247030263819062
54.7637637637638,0.848051576755071,0.76924892907584,0.528253926625921,0.247411370893273
54.8336336336336,0.849639856020917,0.770698667727721,0.529606260652734,0.248724330221435
54.9035035035035,0.850875503327025,0.772279537785257,0.530951652064929,0.249509589386443
54.9733733733734,0.853237420335612,0.773928180555018,0.532826530326386,0.250822910731742
55.0432432432432,0.856270565271337,0.77739550326177,0.536639980378306,0.253505346951135
55.1131131131131,0.858139630794319,0.779145072127768,0.539335420121125,0.255482902826346
55.182982982983,0.858276764770086,0.779466887800981,0.540137077513496,0.256080375226446
55.2528528528529,0.858314055250706,0.780816388946313,0.541341299058317,0.255645174300285
55.3227227227227,0.859751329278062,0.782513412696745,0.544539171792233,0.258212835103128
55.3925925925926,0.860908954083945,0.783449869095251,0.545602580372268,0.257546652981357
55.4624624624625,0.861357031239023,0.783456898431588,0.546674665243181,0.25821253815955
55.5323323323323,0.862327361354445,0.784287620214647,0.547671810483219,0.258378366700437
55.6022022022022,0.863486149560944,0.784881298366858,0.548197214232713,0.258899011599087
55.6720720720721,0.864333429610944,0.78570823443323,0.549463086463046,0.259406724419198
55.7419419419419,0.866309863335884,0.787645900375582,0.551281315538475,0.26078357336695
55.8118118118118,0.867614221784546,0.788834161348931,0.552639436561411,0.261717001019123
55.8816816816817,0.867714179912348,0.788865914317,0.553076254840457,0.261560249344662
55.9515515515515,0.868313076104937,0.789677905355783,0.5545181709976,0.262786815226021
56.0214214214214,0.868887694128783,0.790212470269466,0.555221979155327,0.264074919634835
56.0912912912913,0.868830539276975,0.789695587724251,0.555083495792353,0.264519292583475
56.1611611611612,0.868673055475493,0.789647377391464,0.555851698543194,0.26564768436765
56.231031031031,0.87019758067012,0.79150534674315,0.557185927345086,0.266341769333303
56.3009009009009,0.871191110481688,0.792424235229246,0.557508156568003,0.266241353649586
56.3707707707708,0.872037108067373,0.794031292097169,0.558583551205157,0.267489274759231
56.4406406406406,0.873268300051473,0.795864107723573,0.559595376255799,0.268188368223023
56.5105105105105,0.874439247549194,0.798066040853013,0.560953695935231,0.269274402285666
56.5803803803804,0.875918278497268,0.799565455383206,0.562505298394628,0.270140337119529
56.6502502502502,0.876647237362533,0.80050870213777,0.563498751015252,0.272127959146347
56.7201201201201,0.876675153117149,0.800994885827879,0.564388919222973,0.272975745756122
56.78998998999,0.878128378581208,0.802394110074667,0.56614583336699,0.274423849667467
56.8598598598599,0.878697888209383,0.802452086412906,0.566492862951109,0.274281262935509
56.9297297297297,0.87937461231314,0.8030065772207,0.567379135527112,0.274937034637697
56.9995995995996,0.879165170347666,0.803142705763633,0.56761411102662,0.27482379410388
57.0694694694695,0.879551742595608,0.803402064607065,0.568309977050318,0.274552574400515
57.1393393393393,0.8799950229948,0.803970578815356,0.569307889649023,0.275206556092844
57.2092092092092,0.879655579313839,0.80382875824034,0.56922622297728,0.274801857991378
57.2790790790791,0.879953010254166,0.804124448000043,0.569271415358346,0.27481264856955
57.3489489489489,0.880502132754287,0.804967647864979,0.569664559223043,0.275373723648595
57.4188188188188,0.880990069674567,0.805394732802051,0.570577986432373,0.275698617057727
57.4886886886887,0.881737937080556,0.80643406251275,0.572154920900889,0.277475384347003
57.5585585585586,0.882599668132058,0.807444939146305,0.572882139106818,0.277626391436497
57.6284284284284,0.883574248250718,0.808337829087773,0.574128598968996,0.278837912638079
57.6982982982983,0.884758083258166,0.80925364367462,0.575488855793664,0.279616113112904
57.7681681681682,0.885812903233355,0.810368005099858,0.576483511982215,0.280266697613245
57.838038038038,0.886897772218762,0.811258864381921,0.577872576974042,0.281463713771153
57.9079079079079,0.888203405562342,0.812172350656866,0.578496443986764,0.281395950008818
57.9777777777778,0.888777823710636,0.813123351831083,0.578928521083106,0.281574278687529
58.0476476476476,0.889523607298484,0.813693973787584,0.579425817931475,0.281716945223391
58.1175175175175,0.890461348400395,0.81474936694104,0.580448642436698,0.282413835128952
58.1873873873874,0.891156910737311,0.815860851991671,0.581248226454386,0.282409991083847
58.2572572572573,0.891450126130532,0.815745605664838,0.5818921061781,0.283152101975761
58.3271271271271,0.891512187202948,0.816065559345722,0.581882250704743,0.282766873168012
58.396996996997,0.891298344627675,0.816689490832309,0.582578763874088,0.283586010113057
58.4668668668669,0.891057923446815,0.816614330827968,0.582863977186396,0.28375983188506
58.5367367367367,0.892235539591602,0.817816766373184,0.584005269286536,0.284980701723141
58.6066066066066,0.893052568774934,0.818417394219974,0.584702775412038,0.285965698185324
58.6764764764765,0.894437351241857,0.820647053355736,0.587209532573981,0.289040468421225
58.7463463463463,0.896183875739694,0.823752382324464,0.590052532369735,0.293791667905329
58.8162162162162,0.896519642966939,0.824726398603546,0.590527910212914,0.293815262066509
58.8860860860861,0.8978065298754,0.826383397350624,0.592153148512819,0.295122041719568
58.955955955956,0.899715164133863,0.827914016628384,0.594312476342519,0.297612687221192
59.0258258258258,0.901434336441581,0.830025993179896,0.596655203083244,0.298833233960319
59.0956956956957,0.902901768741734,0.83104433727179,0.598216753751017,0.298010383697264
59.1655655655656,0.903412425656959,0.832618619957055,0.600353234784807,0.299633334682832
59.2354354354354,0.904608890742716,0.833481444290829,0.601609710795732,0.300558638130885
59.3053053053053,0.904141139472279,0.833241801840121,0.601249908214228,0.299791970591516
59.3751751751752,0.904763150429171,0.834306170531529,0.602050819193756,0.299898714933152
59.445045045045,0.904938049441882,0.835127773053112,0.602664618590802,0.300361125187675
59.5149149149149,0.905843379326263,0.836454830053161,0.604027480343814,0.301900624640157
59.5847847847848,0.906684657598153,0.837437435064071,0.605222983438178,0.302509798351421
59.6546546546546,0.907983936995028,0.839183860129483,0.606991661895451,0.303893001332814
59.7245245245245,0.908348161880557,0.840035835649338,0.607862919256122,0.304967965513857
59.7943943943944,0.908766503959444,0.840960416689806,0.608901207262079,0.306173518652956
59.8642642642643,0.909447818536883,0.841553427648126,0.609953351212662,0.306915127214399
59.9341341341341,0.909942284372092,0.842478173226228,0.611019256430799,0.30851136471763
60.004004004004,0.909747404104145,0.842421732305472,0.611121710354161,0.308958821240514
60.0738738738739,0.909906582349101,0.842791222203833,0.61130501729466,0.309619832851546
60.1437437437437,0.909684329232052,0.842553079062637,0.611341078797685,0.310227333555052
60.2136136136136,0.909927180749875,0.843172315795305,0.611927126006676,0.311561223134354
60.2834834834835,0.910099789534422,0.84383431702351,0.612521604450634,0.31239967822713
60.3533533533534,0.911214103876959,0.845178798653048,0.613956626791931,0.314018706213194
60.4232232232232,0.912119604792276,0.846331673361375,0.615887633600306,0.315586244148464
60.4930930930931,0.913252564279746,0.848894624237748,0.617865916558023,0.317298341648314
60.562962962963,0.913410363555343,0.850276654051457,0.619280095184925,0.318482462512133
60.6328328328328,0.915458016443189,0.85209906065881,0.621393640586291,0.319298733343905
60.7027027027027,0.917493296997974,0.854082995489827,0.623455681548163,0.320762412232189
60.7725725725726,0.918825276259788,0.854950473805983,0.624874095162824,0.322029305825535
60.8424424424424,0.920782846123642,0.855393675543142,0.626189392976101,0.323835467066695
60.9123123123123,0.921341430677086,0.856015084638963,0.627105477554646,0.32457979612993
60.9821821821822,0.92108806607913,0.856130774377802,0.627480702225838,0.325768146471243
61.052052052052,0.92203600087187,0.856871890454921,0.628911741687699,0.326976188112558
61.1219219219219,0.922808749314767,0.857302826819173,0.629277789709583,0.326703306947096
61.1917917917918,0.922967299082476,0.858297393662636,0.630004202259422,0.327541378838114
61.2616616616617,0.923791775394752,0.858984227398528,0.630829759060962,0.327451230263297
61.3315315315315,0.92459794661145,0.859843502534508,0.631709441395125,0.327798533948333
61.4014014014014,0.924309272147744,0.85984780015188,0.631820703418521,0.327445834034443
61.4712712712713,0.925454171506633,0.860768282938395,0.632802597327339,0.328576709829714
61.5411411411411,0.926433703413856,0.861180374255071,0.634377554839595,0.330071994752025
61.611011011011,0.927431057089362,0.862212019408343,0.636121565548445,0.331782348097771
61.6808808808809,0.928177992079305,0.863431378871998,0.637506371206512,0.333226051786084
61.7507507507508,0.929977687342428,0.865623774837225,0.639818774431551,0.335468331350531
61.8206206206206,0.931020245157737,0.866949814898702,0.641165295836034,0.336786094490589
61.8904904904905,0.931218178902891,0.867886688599334,0.641776009680472,0.336505358464808
61.9603603603604,0.932912976456636,0.869318996035107,0.643052871532772,0.337686742805094
62.0302302302302,0.933837064262905,0.870111418869242,0.64414941638801,0.33978591278342
62.1001001001001,0.935077242606619,0.871072458994256,0.645282901404686,0.340679993887209
62.16996996997,0.935292764942988,0.871036384295289,0.645694234559549,0.341457897609802
62.2398398398398,0.935880913877584,0.871722362707873,0.646206842369886,0.342068163427806
62.3097097097097,0.936452561337275,0.872887446667045,0.64740474191518,0.342414544016288
62.3795795795796,0.936762627337529,0.873346820955075,0.647912650298517,0.343494233783947
62.4494494494494,0.936198788187166,0.873347141850858,0.648119144120516,0.343761745053541
62.5193193193193,0.936066633278257,0.873737710294978,0.648246699921745,0.342880769354794
62.5891891891892,0.936064665507345,0.874115658398589,0.648270579966711,0.342915197018329
62.6590590590591,0.936656504117019,0.87518658603032,0.648968492977914,0.343087680346923
62.7289289289289,0.936805645836411,0.876031833204447,0.650175051647499,0.344064640751129
62.7987987987988,0.937149186866128,0.876825058421359,0.651155262820147,0.345913651430751
62.8686686686687,0.937736143718761,0.877708600721157,0.652256098497651,0.347314749056435
62.9385385385385,0.938926295136037,0.879962837787414,0.654743991173077,0.349609823883913
63.0084084084084,0.93944821447166,0.88094247498986,0.65559953547923,0.350330111305609
63.0782782782783,0.940406724355118,0.882416993164608,0.656906136479813,0.351357055530717
63.1481481481481,0.941080163540247,0.883260553761146,0.658266165958548,0.351568310844823
63.218018018018,0.942168658698748,0.884783237313268,0.659627155060711,0.351744628313281
63.2878878878879,0.942967472605979,0.885976506573555,0.661015695125558,0.353401367036417
63.3577577577578,0.944087472714455,0.887400625089,0.663079886744878,0.355034543368344
63.4276276276276,0.945185388086286,0.888574840415883,0.66467667831728,0.356358383785589
63.4974974974975,0.946499324233563,0.890194070905296,0.665856000912156,0.357244941214198
63.5673673673674,0.946605581343442,0.891075102722699,0.666885437008697,0.357640289976166
63.6372372372372,0.947502619668662,0.892006000540621,0.668122428993798,0.357872405533693
63.7071071071071,0.948413284993403,0.892690478607381,0.669407948317912,0.358417426425124
63.776976976977,0.950252855532626,0.894669524544288,0.671579838394667,0.360219263950994
63.8468468468468,0.951677723586558,0.897006860396521,0.67385105787893,0.362713459387425
63.9167167167167,0.951671928650635,0.89751461021619,0.674387685706857,0.362846525467957
63.9865865865866,0.951833267933012,0.897640182237159,0.675334677177672,0.362928306281978
64.0564564564565,0.953215985397003,0.898720149434756,0.67647757042389,0.364328486827583
64.1263263263263,0.952847811411146,0.899870867468385,0.67660527200691,0.364510341082885
64.1961961961962,0.953082878521458,0.900435782469796,0.677672914581911,0.365565037507664
64.2660660660661,0.953114608772804,0.901428633536958,0.678712605871113,0.36666344358699
64.3359359359359,0.953527137077606,0.901411101534452,0.678797558526134,0.36675108809762
64.4058058058058,0.954507910000218,0.901204691962189,0.679640623711718,0.367394172272492
64.4756756756757,0.955644279012989,0.902065191881105,0.680601200614696,0.36859079205902
64.5455455455455,0.956506303917611,0.902915310089756,0.68224331946568,0.36968367961247
64.6154154154154,0.957579655042916,0.903941290971402,0.683995931993719,0.370854545639098
64.6852852852853,0.957637081075022,0.904105967782112,0.684447672239877,0.371055055697212
64.7551551551552,0.958426002298997,0.904295655167788,0.685018998033142,0.37153587246529
64.825025025025,0.958429834994109,0.904690885819142,0.685474776400084,0.371921124464599
64.8948948948949,0.958487175341021,0.905726898191562,0.686344475642062,0.372897366580557
64.9647647647648,0.958598247462874,0.906086464934143,0.687060710753598,0.373215876796783
65.0346346346346,0.958817947881911,0.906355569966795,0.687631783658419,0.373174348405121
65.1045045045045,0.959765428840637,0.907146914454495,0.688677238542354,0.373935973923318
65.1743743743744,0.96017278051378,0.90809199889415,0.68927600429287,0.374790603652889
65.2442442442442,0.960500386310975,0.907866945919353,0.689154136960213,0.374861795306177
65.3141141141141,0.961373565479072,0.908615684400147,0.690272096879629,0.375177284708968
65.383983983984,0.962679242769433,0.909536522610854,0.69159880469895,0.37571512205811
65.4538538538539,0.963412501541493,0.910060305545832,0.692459390188304,0.376914052078438
65.5237237237237,0.964103758177367,0.9108091077832,0.693458855375105,0.377517525572912
65.5935935935936,0.965092363277175,0.911402686618446,0.694193726918923,0.378255035740075
65.6634634634635,0.965789546350462,0.912697058739974,0.695363616573826,0.379310292154379
65.7333333333333,0.966602043397014,0.913551597052332,0.696820150597782,0.380828222721746
65.8032032032032,0.966485512055326,0.91374017351215,0.69747225120892,0.381765220864267
65.8730730730731,0.966399701482106,0.91432953230913,0.698283983185272,0.381638346452717
65.9429429429429,0.966874107630609,0.915478958855703,0.701138221586255,0.383038624192791
66.0128128128128,0.967937820811275,0.916833484127366,0.703797326070901,0.385886158067496
66.0826826826827,0.968363516963545,0.917627966024386,0.704732703502302,0.387455332653196
66.1525525525525,0.969070273336664,0.919149904435193,0.706440416795006,0.389247774961223
66.2224224224224,0.969272146942474,0.920107507956984,0.70720762865291,0.39061104885925
66.2922922922923,0.970233554343749,0.921083689083414,0.708575604889164,0.391446966181551
66.3621621621622,0.970960199808829,0.921973733550894,0.709629613695613,0.392404477476418
66.432032032032,0.970772877502021,0.922793071407561,0.710684780715912,0.393681533055565
66.5019019019019,0.970496222852568,0.923298219539738,0.710610105144232,0.393442958665639
66.5717717717718,0.970711859922715,0.923705700015652,0.711358071205457,0.394855229303096
66.6416416416416,0.970675744866543,0.923997609461879,0.712163600657066,0.396095571559022
66.7115115115115,0.971699964361135,0.925641828246085,0.713934511163203,0.397096617149152
66.7813813813814,0.972055297003253,0.926574558844715,0.715425633463238,0.39857797391011
66.8512512512513,0.97220985982652,0.927850450014104,0.716679649411613,0.399048544536088
66.9211211211211,0.972137450760843,0.928924637656576,0.717021971573917,0.399527172055115
66.990990990991,0.972050821133377,0.929418633122617,0.717125916968375,0.398821365306392
67.0608608608609,0.972786749908097,0.930839091236679,0.717699942286698,0.399062979652379
67.1307307307307,0.972804142491695,0.931390919207497,0.718707378404516,0.399986591296216
67.2006006006006,0.973208416310453,0.932193197667174,0.71996102005475,0.400874881653994
67.2704704704705,0.973508972182403,0.933200206949972,0.72160902722427,0.402380224115583
67.3403403403403,0.973265341041757,0.933595319368919,0.722568197551934,0.403445451597497
67.4102102102102,0.973722007898369,0.934590098810245,0.723887310383799,0.404646255562286
67.4800800800801,0.973933313362411,0.935732500107673,0.725570546560801,0.405653642302827
67.5499499499499,0.973814327633811,0.936158144395601,0.727410313614363,0.406936639081399
67.6198198198198,0.97442281097495,0.936706227042901,0.728432384015067,0.408111433471012
67.6896896896897,0.974229676649664,0.937222003705702,0.728628876646112,0.407806806007946
67.7595595595596,0.974577676345664,0.937914834127879,0.729531836704561,0.409116606786819
67.8294294294294,0.975222146946046,0.938488627920427,0.729949612135385,0.409770618627042
67.8992992992993,0.974594778495508,0.938907312826213,0.730126710007376,0.409927079189255
67.9691691691692,0.975265064108086,0.939900672080044,0.731550218402715,0.411246651531361
68.039039039039,0.975509453305713,0.94014524662268,0.73225029856488,0.411880318675721
68.1089089089089,0.975811581034581,0.940564662073943,0.733136728409098,0.41230698342533
68.1787787787788,0.976938386238863,0.943028496925772,0.736089503516361,0.415251171242753
68.2486486486486,0.977586406917191,0.944412880272761,0.73757173122028,0.416640668780078
68.3185185185185,0.978037198228417,0.945514938447995,0.739264204304217,0.417851250045776
68.3883883883884,0.978452386213836,0.945777568765094,0.740055351829176,0.419208276503907
68.4582582582583,0.978520365909587,0.945854032305768,0.741476000898761,0.421303831750628
68.5281281281281,0.978282153414178,0.947099899038163,0.742632988037995,0.42250880797497
68.597997997998,0.979081330718686,0.947290665508956,0.743621687424021,0.424918000301741
68.6678678678679,0.979619326052683,0.947585168791632,0.744534497829667,0.4253404869224
68.7377377377377,0.980208395044126,0.94800354090851,0.745361101055302,0.426154467157399
68.8076076076076,0.980496462326364,0.948578018649033,0.746490922061732,0.426667973927714
68.8774774774775,0.980508568993451,0.94888389140467,0.747068382788929,0.427053666095963
68.9473473473473,0.980894136419208,0.948730729782787,0.747283009852314,0.427315298224007
69.0172172172172,0.98092584007098,0.949611752245606,0.748194983143734,0.427422220211365
69.0870870870871,0.979688729311694,0.949547072432093,0.747674259183299,0.427734918923649
69.156956956957,0.980041387651354,0.949981252429548,0.748284185285989,0.429280180300809
69.2268268268268,0.980860999714043,0.950777802769976,0.749559297234104,0.430494170722233
69.2966966966967,0.98123595168375,0.951286727038869,0.750357217459783,0.431407155935213
69.3665665665666,0.981618577892382,0.951517469898024,0.751283703629664,0.432319430441061
69.4364364364364,0.98277690103178,0.952304705706302,0.752106183430753,0.432141880728892
69.5063063063063,0.983155164569586,0.953150465628084,0.753181495827816,0.432726535251517
69.5761761761762,0.983296200073966,0.953395583206246,0.754263891649004,0.434370016537324
69.646046046046,0.983680570475602,0.953603451704625,0.75577125412087,0.436047987064261
69.7159159159159,0.983912305506941,0.954070485928397,0.757544674140945,0.437305502263535
69.7857857857858,0.983722100146885,0.954093162478001,0.7586072459651,0.438387791789601
69.8556556556557,0.984121088033461,0.954548682273027,0.760220167297382,0.441452992413473
69.9255255255255,0.984312531562294,0.954405040539802,0.761610315065151,0.442829940405586
69.9953953953954,0.984315994113392,0.954677088604043,0.76249952309713,0.444014687573368
70.0652652652653,0.984179988085475,0.955219235074073,0.763049411923923,0.444383104517467
70.1351351351351,0.984159902885055,0.955640099449714,0.763550111704398,0.444217079751617
70.205005005005,0.984200620209334,0.956463315307954,0.764412379581825,0.444811572746616
70.2748748748749,0.984239780002128,0.957371230021849,0.765509351968492,0.44663500381771
70.3447447447447,0.983888738150664,0.957386634715171,0.765647968094795,0.446405573280171
70.4146146146146,0.984462225743369,0.95830400157887,0.76655083965714,0.447640154269301
70.4844844844845,0.985448816890279,0.959515947960332,0.768912308825733,0.45011309920779
70.5543543543544,0.986732088633215,0.959745009007441,0.770614596104769,0.451642118606157
70.6242242242242,0.986891022063035,0.960123988176748,0.771983761459147,0.452867165729988
70.6940940940941,0.986971429353445,0.960578980101903,0.773170167309635,0.453924949808979
70.763963963964,0.986353959617847,0.961253566793607,0.774567625335982,0.45520298740287
70.8338338338338,0.986940387997504,0.962070853424321,0.776725985053806,0.456527072566999
70.9037037037037,0.986384530042609,0.961694581495077,0.776744471821779,0.456840092006113
70.9735735735736,0.98645741379587,0.961757888786569,0.777639282551642,0.4573932981851
71.0434434434434,0.98676084973826,0.962008256781018,0.778630767290482,0.457678333715868
71.1133133133133,0.986775142000775,0.962114154174253,0.779277835903722,0.458397754654637
71.1831831831832,0.986848128300587,0.962132495264456,0.779985650460599,0.459786866071629
71.2530530530531,0.987250106292274,0.962870220164261,0.781890107901452,0.461184726085294
71.3229229229229,0.987788461606067,0.963555051989225,0.783387824344752,0.462480821179928
71.3927927927928,0.988036968187732,0.963881711609037,0.783753943151867,0.462791562960887
71.4626626626627,0.988174416055892,0.963980905391747,0.784706511087008,0.463440985789163
71.5325325325325,0.988328449952335,0.964508443746628,0.785291723539249,0.463644735151177
71.6024024024024,0.988465951042367,0.964609313279156,0.786353413018766,0.464202765058684
71.6722722722723,0.988694247246813,0.964720191456392,0.786859833407359,0.464412892530478
71.7421421421421,0.988604807796711,0.964912238279286,0.787278877615198,0.464880781478716
71.812012012012,0.988484267008078,0.965091298241119,0.787866683591023,0.465873789584208
71.8818818818819,0.988418022649227,0.965135079538205,0.788246474642197,0.46689439289045
71.9517517517518,0.988682442040019,0.965675640369745,0.789446635434812,0.46811248025046
72.0216216216216,0.988399225761604,0.965694397630637,0.790278101959392,0.46927609409043
72.0914914914915,0.988530922215548,0.966281069273075,0.791452627445607,0.470797868242783
72.1613613613614,0.988024027166889,0.966412363856691,0.791954598545765,0.47171138911606
72.2312312312312,0.988482477536824,0.966832471681178,0.793642353008473,0.473440891659249
72.3011011011011,0.988411137416526,0.96685581065976,0.794314886186749,0.474717788887125
72.370970970971,0.988719070234262,0.967301238389206,0.796110132182725,0.475692961265521
72.4408408408408,0.98882450687152,0.967646219480282,0.797133541156335,0.477098114574411
72.5107107107107,0.988774296055976,0.968010980473511,0.797866493482455,0.477921210967422
72.5805805805806,0.988549818850466,0.967978213668592,0.798619386666338,0.478921586514652
72.6504504504504,0.989093888300118,0.968344294689209,0.800299106486285,0.480919003638772
72.7203203203203,0.989097117887818,0.968498383194048,0.801066122728489,0.482018177448146
72.7901901901902,0.989117826009072,0.968739433456538,0.802985347338576,0.483218473875279
72.8600600600601,0.989361588996481,0.969220163771419,0.804127945012898,0.484557956415664
72.9299299299299,0.989578334538076,0.969388416214648,0.80593067094735,0.485689791973754
72.9997997997998,0.990073063807845,0.969734765017906,0.807664462442727,0.487139061183379
73.0696696696697,0.989958672745123,0.969719151701393,0.808636427280954,0.488179371351926
73.1395395395395,0.990488326350382,0.97042266509762,0.81034296402782,0.488731410729518
73.2094094094094,0.990675249490528,0.970696137432658,0.810546121734918,0.488868830693691
73.2792792792793,0.990383763532314,0.970621341165841,0.811159840171625,0.48881772521341
73.3491491491491,0.990948501113466,0.971114057132387,0.812637912532515,0.490027857371046
73.419019019019,0.99147974649328,0.971553444812701,0.814358060654658,0.490693135343248
73.4888888888889,0.992038659546023,0.972144329770783,0.816391055744466,0.492414587190758
73.5587587587588,0.992152003607729,0.972206191909163,0.817643223330981,0.493343778938455
73.6286286286286,0.992267014045306,0.972322065004038,0.81896254434507,0.49416314932175
73.6984984984985,0.9927891209866,0.972707057377625,0.820711265400667,0.496032657988993
73.7683683683684,0.992783723423744,0.972679963459666,0.821088328327069,0.496512665908534
73.8382382382382,0.99267604680136,0.97265826157866,0.821356766907571,0.496892725186591
73.9081081081081,0.992483772399445,0.972626328297593,0.821474651487149,0.496826753849738
73.977977977978,0.992490466175315,0.972773009825939,0.82158122721771,0.497434776429669
74.0478478478478,0.992807613915721,0.972923454696444,0.822558239487942,0.499054471787955
74.1177177177177,0.993185145874993,0.973408698356418,0.823747551918819,0.500125093494295
74.1875875875876,0.992722716819034,0.973189431779905,0.824277214273626,0.501373061833365
74.2574574574574,0.992782848643262,0.973740007451255,0.825049920065834,0.502458634332838
74.3273273273273,0.992887146219292,0.97354190344542,0.826478275915206,0.504204306937367
74.3971971971972,0.993007604956634,0.97359587198888,0.828042299832621,0.50635522890266
74.4670670670671,0.99330503226226,0.974066062663667,0.829102447946132,0.507724345749193
74.5369369369369,0.993262243286536,0.974466805722312,0.830744832440226,0.509404799601228
74.6068068068068,0.993442206093944,0.974494639874909,0.83208321403032,0.510612925857962
74.6766766766767,0.993598073050288,0.974771802654095,0.833253798493987,0.511855692996919
74.7465465465465,0.993739813482411,0.974814784802879,0.834129945961899,0.512267830845725
74.8164164164164,0.994040266384756,0.974927961897076,0.835508972378954,0.512911657281802
74.8862862862863,0.99367124015387,0.974861658103657,0.836226725803741,0.513426462435455
74.9561561561562,0.993357971040722,0.974698125483586,0.836619150455101,0.513742242944048
75.026026026026,0.993454649448935,0.974729589295796,0.836941446682636,0.514387621537124
75.0958958958959,0.99331429388694,0.974534255703342,0.837774679145678,0.515013837270878
75.1657657657658,0.993333886628521,0.974647040186157,0.838069244224056,0.515566260424873
75.2356356356356,0.99329352755885,0.974691153700146,0.838444332955395,0.516238475555343
75.3055055055055,0.993386426480615,0.974858994721796,0.839481384879807,0.517524669648067
75.3753753753754,0.9931182874122,0.974816469535858,0.839951072076672,0.518152185448495
75.4452452452452,0.993795580483737,0.975498019904782,0.841028171146304,0.519028711981085
75.5151151151151,0.994072130251259,0.975800721418186,0.84173394799239,0.520094014968062
75.584984984985,0.994279370018444,0.976019842156266,0.842596268168053,0.520368846448401
75.6548548548548,0.99479205342782,0.97641071599698,0.843739709758994,0.521564096587337
75.7247247247247,0.994741724847834,0.976531404692921,0.844322697998657,0.522490776005698
75.7945945945946,0.995568872192199,0.977238239305594,0.84796315669505,0.529801220155115
75.8644644644645,0.995888951655138,0.977551773070993,0.848898147470478,0.531713687067151
75.9343343343343,0.995077719780811,0.976873781754619,0.847082347942627,0.527081456566592
76.0042042042042,0.995079510385715,0.976994512289481,0.846687623849086,0.526127074756497
76.0740740740741,0.996248984159926,0.97866433444948,0.851681755177635,0.535487629913432
76.1439439439439,0.996095981050856,0.978330185645863,0.85221674326654,0.536256307119007
76.2138138138138,0.995958296765148,0.978162926375211,0.85262945967353,0.537000194113611
76.2836836836837,0.995928622474038,0.978318343585153,0.853774695631778,0.538083239146618
76.3535535535536,0.995850667400313,0.978625311308038,0.854866368814361,0.539903007652629
76.4234234234234,0.995555014272579,0.978162618581243,0.854504648121214,0.540209212802915
76.4932932932933,0.995659593113362,0.978485248721936,0.855090919212332,0.541415036618961
76.5631631631632,0.995553897794271,0.978601246935196,0.855726844574381,0.542064980288939
76.633033033033,0.995854828911822,0.979152157837983,0.857502544821132,0.543637904359551
76.7029029029029,0.995935982026768,0.979407998812439,0.859142367727865,0.544145408728065
76.7727727727728,0.995397301420306,0.97930527208106,0.859300330947507,0.544073046255068
76.8426426426426,0.995743888407289,0.979169733584085,0.861063567476134,0.545884416636245
76.9125125125125,0.996100529018565,0.979519531623363,0.862076011200926,0.546741951819074
76.9823823823824,0.996480921699575,0.979670203999947,0.863791162058623,0.548842897956129
77.0522522522522,0.996660755905615,0.979924939928988,0.865170759456087,0.551481030415828
77.1221221221221,0.996594218999039,0.980472786227606,0.865492196961764,0.552025297156053
77.191991991992,0.996733847583539,0.981066604077876,0.866504529415709,0.554012766865395
77.2618618618619,0.997002206805193,0.981585516544247,0.868017164454534,0.556025036812072
77.3317317317317,0.9971742148528,0.981548768966012,0.869422848881704,0.557252704531555
77.4016016016016,0.997364225868117,0.98199327457092,0.871109881719506,0.559249590836531
77.4714714714715,0.997576857553796,0.982361713764204,0.872540855667844,0.560494266895268
77.5413413413413,0.997639901020344,0.982392020388055,0.873780786958369,0.561830697797049
77.6112112112112,0.997578156739109,0.982219943519855,0.874332018916883,0.562736975550397
77.6810810810811,0.997671902025308,0.982431172452682,0.875757019397708,0.564132548971075
77.750950950951,0.997594016765812,0.982125856262575,0.875788038613628,0.564819834321136
77.8208208208208,0.99751207067818,0.982032792413767,0.87562530299928,0.565757081210245
77.8906906906907,0.9976841243957,0.982429724395675,0.875833967438858,0.566726766144482
77.9605605605606,0.99759353925655,0.982062172273698,0.876088490934432,0.567875122293069
78.0304304304304,0.997806811489999,0.982569268292606,0.876863603319983,0.568989281833259
78.1003003003003,0.998008365777637,0.98256260968158,0.878432334498513,0.570198926470802
78.1701701701702,0.998641170113701,0.983429119132589,0.880691204482381,0.571739771715683
78.24004004004,0.999134213300983,0.98420734823855,0.882053271417794,0.573572398844151
78.3099099099099,0.999354476920819,0.984389386757995,0.882666608483285,0.574412387672188
78.3797797797798,0.999411894949443,0.98464322875587,0.884089793004785,0.575262737325385
78.4496496496496,0.999118989277134,0.984237563969961,0.884524352149047,0.575424454171781
78.5195195195195,0.999032286935618,0.984062655541268,0.88497031276805,0.576115056506792
78.5893893893894,0.999032048495136,0.984195770007272,0.885655606803951,0.576775548926665
78.6592592592593,0.998880280022527,0.984179387963817,0.886205086639186,0.577397042405169
78.7291291291291,0.998676155293552,0.984156652573557,0.886381312481152,0.577599848977485
78.798998998999,0.998840654873259,0.984731522457122,0.887322724900253,0.578544412216013
78.8688688688689,0.998836607225897,0.984674480588922,0.88735943834694,0.579085092573041
78.9387387387387,0.99890315461762,0.984731783792247,0.887285125890665,0.579883780849284
79.0086086086086,0.99871198217232,0.985069089069528,0.88738975103553,0.580497263198309
79.0784784784785,0.998677302717142,0.985168307989795,0.88738246022659,0.580399252063902
79.1483483483483,0.998489616139888,0.985089444026002,0.887831317284733,0.581088870318492
79.2182182182182,0.99841321677133,0.984990413907253,0.888781843311635,0.581153884785111
79.2880880880881,0.998605923371008,0.985629411980147,0.889826632252184,0.582022392572534
79.357957957958,0.99830685974344,0.985307662740462,0.890104367293048,0.582582492788156
79.4278278278278,0.99848679368125,0.985538307469959,0.892836308764739,0.584444113092658
79.4976976976977,0.998667241256598,0.986489071169466,0.895024455967641,0.587046033531106
79.5675675675676,0.998798217969805,0.98661764435146,0.896411911003538,0.588113696492302
79.6374374374374,0.998597616922573,0.986674276148161,0.897961887025122,0.589593133790054
79.7073073073073,0.999008078205545,0.987218254616336,0.899011140228516,0.590017757583523
79.7771771771772,0.999111264074469,0.986999782956263,0.899411740253017,0.590506477385271
79.847047047047,0.999210965991884,0.987678649049333,0.900846587455658,0.59221031843304
79.9169169169169,0.999197794034133,0.987532243807769,0.901172403138136,0.592519080838415
79.9867867867868,0.999114199380435,0.987220176121307,0.901305596411608,0.59331412430193
80.0566566566567,0.998989132969693,0.987177186945,0.900861675570402,0.592527152991859
80.1265265265265,0.99897522398257,0.987584849513451,0.901308833683849,0.592640479895171
80.1963963963964,0.999326449301798,0.988221357196354,0.902297352750547,0.593412080184007
80.2662662662663,0.999252664734266,0.987700565359383,0.902760997541792,0.595003930151633
80.3361361361361,0.999091443741179,0.986841246556374,0.90183951502787,0.595346375834703
80.406006006006,0.999088496488462,0.986570967689716,0.902323895330873,0.596041953521333
80.4758758758759,0.99927475909722,0.986581718938044,0.903209535650846,0.597322614530453
80.5457457457457,0.999085184263789,0.986752616460241,0.903150903379833,0.597303398077675
80.6156156156156,0.999108938281968,0.986836096602881,0.9038864686164,0.597671440528917
80.6854854854855,0.999024082078862,0.987211053132997,0.905253825434593,0.599353188092748
80.7553553553553,0.999003488584427,0.987410098688844,0.906216959377334,0.600785514767454
80.8252252252252,0.998988548562522,0.98795492579964,0.907248484246788,0.601854306860638
80.8950950950951,0.998783529303272,0.987673719646032,0.906041287246372,0.601308717345915
80.964964964965,0.998891226035706,0.987986987966625,0.906524938914195,0.602145672685725
81.0348348348348,0.999029188751653,0.988526324243918,0.906846989622411,0.602459692603726
81.1047047047047,0.999115102504722,0.988172040404974,0.90696609940143,0.60262615614279
81.1745745745746,0.999297129712233,0.988543234497568,0.90732365793814,0.603791595471801
81.2444444444444,0.999229799030926,0.988455755958414,0.907493808411167,0.604480377023592
81.3143143143143,0.999182726961865,0.988717184008041,0.907924440535065,0.605185486278933
81.3841841841842,0.999437026564878,0.989332901347456,0.909510043674861,0.607127989572898
81.4540540540541,0.999383669636169,0.98928675537086,0.910404619692801,0.60812226447325
81.5239239239239,0.999320846194587,0.989576054788179,0.910620331469061,0.608726940550237
81.5937937937938,0.999250306491274,0.989548853326159,0.910338723720977,0.609093748718618
81.6636636636637,0.999385145189912,0.98963184899534,0.910961181245137,0.609970365779723
81.7335335335335,0.999406936475714,0.990093014318637,0.911744446537384,0.611182728369323
81.8034034034034,0.999457124293293,0.990161918231938,0.912234119627369,0.610811335814468
81.8732732732733,0.99961718676855,0.989877880703056,0.912500961262285,0.610383703812291
81.9431431431431,0.99939144407586,0.989681483099492,0.911347685220242,0.609466470368704
82.013013013013,0.999320073174843,0.989592638429224,0.911688787663101,0.611571385329236
82.0828828828829,0.999447944830345,0.989769336715952,0.913237394546681,0.613622992418876
82.1527527527527,0.999493896426399,0.989495512869125,0.913682045783022,0.614796487442647
82.2226226226226,0.999450264360157,0.989389838620576,0.91362773723088,0.614628359502061
82.2924924924925,0.99947749941299,0.989990873943523,0.914042394177202,0.615392968134216
82.3623623623624,0.999547215240516,0.990053385626572,0.915712078858692,0.617477165897676
82.4322322322322,0.999640795049041,0.990790285448639,0.916210637323059,0.617534248770309
82.5021021021021,0.999587361018518,0.990274508214126,0.916114673184431,0.617456647247874
82.571971971972,0.999576378537476,0.990213514766969,0.916097012298014,0.617819048440046
82.6418418418418,0.999635919324343,0.990365871423998,0.916686024248187,0.618867202679248
82.7117117117117,0.999686985207342,0.990548658091106,0.916398684857649,0.61925873481429
82.7815815815816,0.999614059057654,0.990763188952128,0.916803448402954,0.619710810895098
82.8514514514515,0.999644157487542,0.990969631443543,0.917605131641053,0.621039102341505
82.9213213213213,0.999575332960857,0.990962591480108,0.917653245683756,0.620944503472681
82.9911911911912,0.999593910144565,0.990962176313635,0.917717235932225,0.621405269716872
83.0610610610611,0.999561692384524,0.990687679123968,0.917480935649819,0.6215966517948
83.1309309309309,0.999533088059947,0.990564097511985,0.918197848664343,0.621911461113902
83.2008008008008,0.999564836445604,0.991069183016745,0.918964360069867,0.62195287607863
83.2706706706707,0.999654788225505,0.991400585503669,0.919322034826906,0.622461446845963
83.3405405405405,0.999695932222861,0.992002516921575,0.919603895254402,0.622377809100218
83.4104104104104,0.999795969432925,0.991952334055606,0.920163702777542,0.622875385833946
83.4802802802803,0.999667986534053,0.991836214714067,0.920361194640541,0.622894928022253
83.5501501501501,0.999755131840111,0.992021197825395,0.921226497706585,0.623701029498579
83.62002002002,0.999698134277161,0.99165356300603,0.921050097743518,0.623880146647155
83.6898898898899,0.999698134277161,0.991159285195981,0.920789732539989,0.624436785617608
83.7597597597598,0.999696643163053,0.991118158253546,0.920591128702254,0.624152548309799
83.8296296296296,0.999695490635426,0.991387272512749,0.920315706498231,0.62483253720785
83.8994994994995,0.999681771423146,0.993664156490131,0.922560333754296,0.626778701191053
83.9693693693694,0.999747354662282,0.993699233560294,0.923654636131413,0.627707359265064
84.0392392392392,0.999675959856499,0.993445164936337,0.922997513187239,0.627839584162742
84.1091091091091,0.99978398567717,0.993846823384876,0.923584695057896,0.628307275731658
84.178978978979,0.999824413241673,0.993812305863297,0.924462883395725,0.629003226337644
84.2488488488489,0.999723755319807,0.993335943610261,0.924428826401378,0.628747245813609
84.3187187187187,0.999616582036787,0.992911673600732,0.924456332173141,0.629522700292487
84.3885885885886,0.999632539810654,0.992625406370515,0.923881910917336,0.629145365554694
84.4584584584585,0.999469553406937,0.992595075801701,0.924101104681252,0.629683254096712
84.5283283283283,0.999643072471123,0.993317289873032,0.925710327106218,0.631132594779014
84.5981981981982,0.999768256324906,0.993230597841548,0.926475253812905,0.632236683098809
84.6680680680681,0.999665116152694,0.992744660798472,0.925991987034562,0.632162949712891
84.7379379379379,0.99959463088258,0.992207748332757,0.92623157025714,0.632426790370503
84.8078078078078,0.99947181783551,0.992250861857685,0.926388871675362,0.632437878859428
84.8776776776777,0.999400406749725,0.991642928057661,0.926552971599134,0.632889708769019
84.9475475475476,0.999397848172785,0.993070361387517,0.928437813197463,0.634955690135825
85.0174174174174,0.999543502101296,0.993456824121172,0.929138566499776,0.636400237776828
85.0872872872873,0.999466684239093,0.993290735390716,0.929895719700974,0.63678448390575
85.1571571571572,0.999580222270059,0.993819652581016,0.931476978612972,0.63794576424361
85.227027027027,0.999576703500561,0.99392103023363,0.931771345343766,0.637876206369982
85.2968968968969,0.99957542394151,0.994158387408638,0.932300276809197,0.637839304422415
85.3667667667668,0.99961022738045,0.99454958632475,0.932878257058062,0.638123672764589
85.4366366366366,0.999648991171705,0.994392274774433,0.932929199599025,0.637756805030751
85.5065065065065,0.999652549814836,0.994268621344633,0.933136983849929,0.638318382525883
85.5763763763764,0.999652549814836,0.994214728871189,0.93309380895697,0.638163076123439
85.6462462462462,0.99976141029075,0.994601895450385,0.933637111693757,0.638347632766519
85.7161161161161,0.999852563151376,0.994963075923462,0.934061540871527,0.638581234848024
85.785985985986,0.999934943061545,0.995041165463044,0.934214192464266,0.638752886348344
85.8558558558559,0.999941016309207,0.994880434987166,0.934588270780564,0.639113404603409
85.9257257257257,0.999889996096636,0.994716795454122,0.934426158679145,0.639357438761875
85.9955955955956,0.999836033919659,0.994654685294654,0.9348557269262,0.640020521103376
86.0654654654655,0.999835062757296,0.994549671906903,0.934636234192377,0.640332770286648
86.1353353353353,0.99983543211808,0.994828191327834,0.934628062600166,0.640659537756337
86.2052052052052,0.999875636478372,0.995109073857185,0.934891614263344,0.641100785494662
86.2750750750751,0.99992572037377,0.994757409321981,0.934235018107802,0.64062302496834
86.344944944945,0.999971630249678,0.994693765451987,0.934649687423541,0.640930757567391
86.4148148148148,0.999941305558882,0.994681409835717,0.935012712294585,0.640961915280622
86.4846846846847,0.999906166055052,0.994342733329004,0.934853381075208,0.640425867732209
86.5545545545546,0.999934535805373,0.996150384458671,0.935995073635983,0.64182231389099
86.6244244244244,0.999888256100959,0.994912934339648,0.935200375051558,0.640744453503285
86.6942942942943,0.999880520588798,0.995689896296525,0.936773433507778,0.64283860818965
86.7641641641642,0.999905696459887,0.996075991285158,0.936610567289664,0.642952975220138
86.834034034034,0.999934001270582,0.99629339493345,0.937309106490272,0.643934989237406
86.9039039039039,0.999963818644818,0.996256966072748,0.937058129578081,0.644386460798231
86.9737737737738,0.999955736728917,0.99600014167906,0.936801693008112,0.643981069282706
87.0436436436436,0.999953537026642,0.995417515774042,0.936607339611269,0.644124066992235
87.1135135135135,0.999958276830921,0.995353013979624,0.935117777360423,0.642957394922705
87.1833833833834,0.999960062263111,0.995772269387682,0.935297389575996,0.642542833659543
87.2532532532532,0.999996051694327,0.995987691551889,0.935661370654957,0.642252149822334
87.3231231231231,0.999930588360085,0.995940489179821,0.935534959010016,0.642112531947171
87.392992992993,0.999930588360085,0.995863521622291,0.935405796911981,0.641796675712342
87.4628628628629,0.999930430336223,0.996000640519637,0.935296756333177,0.641990785429991
87.5327327327327,0.999930407565202,0.995824249371252,0.935314643772633,0.64215031799622
87.6026026026026,0.999914233814445,0.995586383805758,0.935358620004082,0.64209740990101
87.6724724724725,0.999882844135052,0.995553236369986,0.935722627075207,0.642334279721375
87.7423423423424,0.999882844135052,0.995603556706585,0.935571041673376,0.641968103283542
87.8122122122122,0.999883943446883,0.995760340680229,0.936295724921918,0.64282262766705
87.8820820820821,0.999883943446883,0.995804114502369,0.93679188144739,0.64340131551622
87.951951951952,0.999907855801427,0.99581942197739,0.936873382665293,0.643397930731778
88.0218218218218,0.999952255774967,0.996247246833105,0.937681942560557,0.644149105768336
88.0916916916917,0.999923052231852,0.99647223107854,0.937805449815576,0.644399527425603
88.1615615615616,0.999923052231852,0.996751403861535,0.937948854290546,0.644164083036859
88.2314314314314,0.999923052231852,0.996663640763519,0.937866993578602,0.644318982893242
88.3013013013013,0.999923173368576,0.996685530312587,0.938103063420587,0.644880069243328
88.3711711711712,0.999932539743937,0.997020990798161,0.939035322338459,0.646510916867131
88.441041041041,0.99993900924424,0.997529668693085,0.940144343587252,0.647640542237901
88.5109109109109,0.999980103174086,0.9974357817886,0.94023705463851,0.648117156205951
88.5807807807808,0.999962402352063,0.997394114852763,0.94088987524205,0.649267289830172
88.6506506506506,0.999942608645274,0.997237621255383,0.940559747806344,0.648481326809153
88.7205205205205,0.999942608645274,0.997314852627326,0.941194784405475,0.649639096321187
88.7903903903904,0.999942608645274,0.997722715928433,0.942282656541358,0.650041182035748
88.8602602602602,0.999942608645274,0.997884187836117,0.942771785129899,0.65065203242585
88.9301301301301,0.999885217290549,0.997658163562643,0.942286436452013,0.650265710806729
89,0.999885217290549,0.997583096561149,0.941294426555537,0.649650451817666
